wallet,domain,logo_url
MetaMask,metamask.io,https://logo.clearbit.com/metamask.io
Trust Wallet,trustwallet.com,https://logo.clearbit.com/trustwallet.com
Ledger,ledger.com,https://logo.clearbit.com/ledger.com
Trezor,trezor.io,https://logo.clearbit.com/trezor.io
Exodus,exodus.com,https://logo.clearbit.com/exodus.com
Coinbase Wallet,coinbase.com,https://logo.clearbit.com/coinbase.com
MyEtherWallet (MEW),myetherwallet.com,https://logo.clearbit.com/myetherwallet.com
Blockchain.com Wallet,blockchain.com,https://logo.clearbit.com/blockchain.com
Electrum,electrum.org,https://logo.clearbit.com/electrum.org
Mycelium,mycelium.com,https://logo.clearbit.com/mycelium.com
Coinomi,coinomi.com,https://logo.clearbit.com/coinomi.com
Atomic Wallet,atomicwallet.io,https://logo.clearbit.com/atomicwallet.io
Guarda,guarda.com,https://logo.clearbit.com/guarda.com
BitPay,bitpay.com,https://logo.clearbit.com/bitpay.com
ZenGo,zengo.com,https://logo.clearbit.com/zengo.com
SafePal,safepal.io,https://logo.clearbit.com/safepal.io
Brave Wallet,brave.com,https://logo.clearbit.com/brave.com
Phantom,phantom.app,https://logo.clearbit.com/phantom.app
Solflare,solflare.com,https://logo.clearbit.com/solflare.com
Rainbow,rainbow.me,https://logo.clearbit.com/rainbow.me
Argent,argent.com,https://logo.clearbit.com/argent.com
imToken,imtoken.org,https://logo.clearbit.com/imtoken.org
Portis,portis.io,https://logo.clearbit.com/portis.io
Magic (Fortmatic),magic.link,https://logo.clearbit.com/magic.link
Gnosis Safe,gnosis-safe.io,https://logo.clearbit.com/gnosis-safe.io
Trustology,trustology.io,https://logo.clearbit.com/trustology.io
BRD,brd.com,https://logo.clearbit.com/brd.com
Paxful,paxful.com,https://logo.clearbit.com/paxful.com
BitGo,bitgo.com,https://logo.clearbit.com/bitgo.com
Armory,armory.io,https://logo.clearbit.com/armory.io
Jaxx Liberty,jaxx.io,https://logo.clearbit.com/jaxx.io
CoinPayments,coinpayments.net,https://logo.clearbit.com/coinpayments.net
Edge Wallet,edge.app,https://logo.clearbit.com/edge.app
TokenPocket,tokenpocket.pro,https://logo.clearbit.com/tokenpocket.pro
MathWallet,mathwallet.org,https://logo.clearbit.com/mathwallet.org
Onto Wallet,onto.app,https://logo.clearbit.com/onto.app
KeepKey,keepkey.com,https://logo.clearbit.com/keepkey.com
Huobi Wallet,huobiwallet.com,https://logo.clearbit.com/huobiwallet.com
OKX Wallet,okx.com,https://logo.clearbit.com/okx.com
Binance Wallet,binance.com,https://logo.clearbit.com/binance.com
Coin98 Wallet,coin98.com,https://logo.clearbit.com/coin98.com
Slope Wallet,slope.finance,https://logo.clearbit.com/slope.finance
Sollet,sollet.io,https://logo.clearbit.com/sollet.io
Torus,tor.us,https://logo.clearbit.com/tor.us
Web3Auth,web3auth.io,https://logo.clearbit.com/web3auth.io
Sequence,sequence.xyz,https://logo.clearbit.com/sequence.xyz
Coldcard,coldcardwallet.com,https://logo.clearbit.com/coldcardwallet.com
BitBox (Shift Crypto),shiftcrypto.ch,https://logo.clearbit.com/shiftcrypto.ch
Ellipal,ellipal.com,https://logo.clearbit.com/ellipal.com
BlockWallet,blockwallet.io,https://logo.clearbit.com/blockwallet.io
Greymass Anchor,greymass.com,https://logo.clearbit.com/greymass.com
ZelCore,zelcore.io,https://logo.clearbit.com/zelcore.io
Klever,klever.io,https://logo.clearbit.com/klever.io
Freewallet,freewallet.org,https://logo.clearbit.com/freewallet.org
Safe (Gnosis),safe.global,https://logo.clearbit.com/safe.global
Kraken Wallet,kraken.com,https://logo.clearbit.com/kraken.com
Bybit Wallet,bybit.com,https://logo.clearbit.com/bybit.com
Crypto.com DeFi Wallet,crypto.com,https://logo.clearbit.com/crypto.com
Paybis Wallet,paybis.com,https://logo.clearbit.com/paybis.com
Lobstr Wallet,lobstr.co,https://logo.clearbit.com/lobstr.co
StellarTerm,stellarterm.com,https://logo.clearbit.com/stellarterm.com
Solar Wallet,solar.org,https://logo.clearbit.com/solar.org
Nami Wallet,namiwallet.io,https://logo.clearbit.com/namiwallet.io
Eternl Wallet,eternl.io,https://logo.clearbit.com/eternl.io
Flint Wallet,flint-wallet.com,https://logo.clearbit.com/flint-wallet.com
Typhon Wallet,typhonwallet.io,https://logo.clearbit.com/typhonwallet.io
Yoroi,yoroi-wallet.com,https://logo.clearbit.com/yoroi-wallet.com
Keplr Wallet,keplr.app,https://logo.clearbit.com/keplr.app
Cosmostation,cosmostation.io,https://logo.clearbit.com/cosmostation.io
Leap Wallet,leapwallet.io,https://logo.clearbit.com/leapwallet.io
XDEFI Wallet,xdefi.io,https://logo.clearbit.com/xdefi.io
Rabby Wallet,rabby.io,https://logo.clearbit.com/rabby.io
Frame Wallet,frame.sh,https://logo.clearbit.com/frame.sh
Temple Wallet,templewallet.com,https://logo.clearbit.com/templewallet.com
Kukai Wallet,kukai.app,https://logo.clearbit.com/kukai.app
Finoa,finoa.io,https://logo.clearbit.com/finoa.io
Fireblocks,fireblocks.com,https://logo.clearbit.com/fireblocks.com
Copper Custody,copper.co,https://logo.clearbit.com/copper.co
Anchorage Digital,anchorage.com,https://logo.clearbit.com/anchorage.com
SafePal S1 Hardware,safepal.io,https://logo.clearbit.com/safepal.io
OneKey Wallet,onekey.so,https://logo.clearbit.com/onekey.so
Tangem Wallet,tangem.com,https://logo.clearbit.com/tangem.com
Opolo Wallet,opolo.io,https://logo.clearbit.com/opolo.io
SecuX Wallet,secuxtech.com,https://logo.clearbit.com/secuxtech.com
CoolWallet,coolwallet.io,https://logo.clearbit.com/coolwallet.io
Arculus Wallet,arculus.co,https://logo.clearbit.com/arculus.co
AirGap Wallet,airgap.it,https://logo.clearbit.com/airgap.it
Bread Wallet,brd.com,https://logo.clearbit.com/brd.com
Monero GUI Wallet,getmonero.org,https://logo.clearbit.com/getmonero.org
Feather Wallet,featherwallet.org,https://logo.clearbit.com/featherwallet.org
Cake Wallet,cakewallet.com,https://logo.clearbit.com/cakewallet.com
Samourai Wallet,samouraiwallet.com,https://logo.clearbit.com/samouraiwallet.com
Wasabi Wallet,wasabiwallet.io,https://logo.clearbit.com/wasabiwallet.io
BlueWallet,bluewallet.io,https://logo.clearbit.com/bluewallet.io
Green Wallet (Blockstream),blockstream.com,https://logo.clearbit.com/blockstream.com
Phoenix Wallet,phoenix.acinq.co,https://logo.clearbit.com/phoenix.acinq.co
SimpleHold,simplehold.io,https://logo.clearbit.com/simplehold.io
Pillar Wallet,pillar.fi,https://logo.clearbit.com/pillar.fi
Loopring Wallet,loopring.io,https://logo.clearbit.com/loopring.io
AAVE Wallet,aave.com,https://logo.clearbit.com/aave.com
Sushi Wallet,sushi.com,https://logo.clearbit.com/sushi.com
Uniswap Wallet,uniswap.org,https://logo.clearbit.com/uniswap.org
Krystal Wallet,krystal.app,https://logo.clearbit.com/krystal.app
Maiar (xPortal),xportal.com,https://logo.clearbit.com/xportal.com
Vara Wallet,vara.network,https://logo.clearbit.com/vara.network
Polkadot JS Wallet,polkadot.js.org,https://logo.clearbit.com/polkadot.js.org
Talisman Wallet,talisman.xyz,https://logo.clearbit.com/talisman.xyz
SubWallet,subwallet.app,https://logo.clearbit.com/subwallet.app
Bifrost Wallet,bifrost.finance,https://logo.clearbit.com/bifrost.finance
MetaX Wallet,metalife.com,https://logo.clearbit.com/metalife.com
Glow Wallet,glow.app,https://logo.clearbit.com/glow.app
Backpack Wallet,backpack.app,https://logo.clearbit.com/backpack.app
RWallet,rwallet.io,https://logo.clearbit.com/rwallet.io
